smid,freq,smname
53889007,61523,Nuclear cataract
193570009,58307,Cataract
193576003,20511,Cortical cataract
315353005,13498,Posterior subcapsular cataract
95217000,12924,Pseudophakia
65636009,7650,Keratoconus
232008001,5744,Rhegmatogenous retinal detachment - macula on
232009009,4222,Rhegmatogenous retinal detachment - macula off
44054006,4056,Type 2 diabetes mellitus
34533008,3550,Posterior subcapsular polar cataract
23986001,3547,Glaucoma
367649002,3437,Epiretinal membrane
267718000,3096,Age related macular degeneration
1482004,2971,Chalazion
31341008,2836,Vitreous hemorrhage
84494001,2794,Open-angle glaucoma
314517003,2592,Choroidal neovascular membrane
77075001,2393,Primary open angle glaucoma
232006002,2260,Macular hole
77489003,2012,Pterygium
267626000,2006,Hypermature cataract
4210003,1840,Ocular hypertension
410567004,1707,Posterior capsule opacification
46210008,1667,Cyst of eyelid
4855003,1587,Retinopathy due to diabetes mellitus
42059000,1497,Retinal detachment
95717004,1396,Secondary glaucoma
59276001,1267,Proliferative retinopathy with diabetes mellitus
359766000,1256,Nuclear sclerotic cataract
16596007,1252,Esotropia
278697001,1248,Tumor of eyelid
11934000,1248,Ptosis of eyelid
399054005,1171,Exotropia
31053003,1151,Disorder of lacrimal system
414173003,1119,Exudative age-related macular degeneration
193839007,1117,Fuchs' corneal dystrophy
414875008,1044,Nonexudative age-related macular degeneration
95722004,1042,Bilateral cataracts
118,1040,
193387007,1000,Cystoid macular edema
41446000,983,Blepharitis
103,938,
57190000,904,Myopia
123,871,
82649003,795,Astigmatism
38101003,794,Hypermetropia
232048009,787,Branch retinal vein occlusion with macular edema
392291006,771,Angle-closure glaucoma
387742006,753,Amblyopia
4927003,734,Acute anterior uveitis
77873007,692,Cataracta brunescens
312912001,691,Macular edema due to diabetes mellitus
33168009,690,Entropion
410692006,672,Anterior uveitis
62909004,658,Ectropion
193534006,642,Angle-closure glaucoma - borderline
34711008,606,Traction detachment of retina
473460002,596,Allergic conjunctivitis
392288006,577,Primary angle-closure glaucoma
63988001,554,Intermittent exotropia
50485007,551,Low tension glaucoma
3289004,507,Anisometropia
68478007,501,Central retinal vein occlusion
425540008,493,Corneal decompensation
312901001,489,Vitreomacular traction syndrome
276177000,480,Thyroid eye disease
79410001,478,Congenital cataract
398155003,475,Chronic anterior uveitis
420756003,472,Cataract due to diabetes mellitus type 2
43959009,468,Cataract due to diabetes mellitus
312699008,466,Dislocated intraocular lens
312696001,459,Retained lens matter in vitreous
247168006,425,"Retinal ""U"" tear"
232039004,423,Central retinal vein occlusion with macular edema
85848002,412,Corneal abrasion
247081001,409,Posterior vitreous detachment
24010005,399,Aphakia
314429009,398,Intermediate uveitis
60332004,388,Malposition of eyelashes
15374009,387,Aphakic glaucoma
312903003,385,Mild nonproliferative diabetic retinopathy
23875004,364,No pathologic diagnosis
392133001,362,Pigment dispersion syndrome
57207003,351,Bullous keratopathy
2055003,349,Recurrent erosion of cornea
232086000,330,Neovascular glaucoma
420342002,327,Calcific band keratopathy
442782011,305,
30041005,304,Acute angle-closure glaucoma
46635009,302,Type 1 diabetes mellitus
193602009,302,Cataract due to inflammatory disorder
317349009,296,Vernal keratoconjunctivitis
312910009,295,Vitreous hemorrhage due to diabetes mellitus
34361001,295,Traumatic cataract
105,294,
231855007,285,Seasonal allergic conjunctivitis
104,282,
312898002,281,Myopic macular degeneration
44219007,278,Pseudoexfoliation of lens capsule
414894003,277,O/E - left eye stable treated proliferative diabetic retinopathy
95726001,267,Corneal scar
314516007,262,Preseptal cellulitis
193994000,260,Congenital nasolacrimal duct obstruction
111513000,248,Advanced open-angle glaucoma
314760005,241,Corneal graft failure
312997008,241,Central retinal vein occlusion - ischemic
312704000,239,Full thickness macular hole stage IV
255024002,237,Nevus of choroid
46343005,237,Exophoria
414910007,235,O/E - right eye stable treated proliferative diabetic retinopathy
312956001,232,Central serous chorioretinopathy
419494007,232,Accommodative esotropia
75971007,231,Choroidal retinal neovascularization
312922007,225,Uveitis related cystoid macular edema
232101009,224,Fully accommodative esotropia
255021005,217,Malignant melanoma of choroid
45261009,215,Viral conjunctivitis
193982009,214,Epiphora
75614007,198,Panuveitis
40608009,197,Hypertropia
210955005,196,Sequelae of injury of eye and orbit
20610004,196,Fourth nerve palsy
127003006,194,Neoplasm of orbit
50792001,194,Corneal erosion
312920004,192,Postoperative cystoid macular edema
849000,190,Mature cataract
95690009,189,Retinal tear
314000002,183,Branch retinal vein occlusion with no neovascularization
232016005,181,Proliferative vitreoretinopathy
313001006,180,Idiopathic polypoidal choroidal vasculopathy
390834004,177,Nonproliferative diabetic retinopathy
312700009,174,Dislocated intraocular lens into vitreous
231810000,171,Aponeurotic ptosis
15013002,171,Vitreous floaters
23273003,169,Cataract in inflammatory disorder
313157004,161,Pseudostrabismus
231922001,161,Pseudophakic corneal edema
312703006,158,Full thickness macular hole stage III
232020009,156,Maculopathy with diabetes mellitus
204124004,153,Capsular and/or subcapsular cataract
232004004,152,Giant retinal tear
268163008,152,Congenital ptosis
314493000,151,Postoperative uveitis
122,151,
78768009,149,Subconjunctival hemorrhage
128350005,149,Bacterial conjunctivitis
271429007,149,Acquired ptosis of eyelid
232105000,149,Consecutive exotropia
312923002,149,Chronic central serous chorioretinopathy
83275001,148,Binocular vision disorder
193901000,144,Conjunctival cyst
408757002,144,Axial myopia
312904009,143,Moderate nonproliferative diabetic retinopathy
68659002,142,Blepharoconjunctivitis
95724003,140,Intumescent cataract
314515006,138,Papilloma of eyelid
232045007,137,Hemispheric retinal vein occlusion with macular edema
63454000,136,Anterior scleritis
314552006,133,Corneal graft astigmatism
75739009,133,Salzmann nodular dystrophy
11226001,129,Fuchs' heterochromic cyclitis
162290004,129,Dry eyes
95250000,125,Secondary glaucoma due to combination mechanisms
37450000,123,Corneal foreign body
128473001,123,Uveitis
312899005,123,Fibrovascular macular scar
422034002,123,Retinopathy with type 2 diabetes mellitus
232012007,122,Combined traction and rhegmatogenous retinal detachment
24596005,121,Venous retinal branch occlusion
312907002,120,Proliferative diabetic retinopathy - high risk
232023006,119,Diabetic traction retinal detachment
314861002,118,Acquired nasolacrimal duct obstruction
85042000,116,Epiphora due to insufficient drainage
95725002,115,Corneal laceration
417162001,113,Nasolacrimal duct obstruction
301913002,113,Lesion of eyelid
264633009,112,Drusen stage macular degeneration
111514006,111,Pseudoexfoliation glaucoma
422188005,109,Decentered intraocular lens implant
302896008,108,Keratoconjunctivitis sicca
231981005,108,Birdshot chorioretinitis
246743006,108,Convergent microtropia
231791008,107,Rupture of globe
77628002,107,Retinal vasculitis
33647009,107,Chronic angle-closure glaucoma
51264003,106,Limbal AND/OR corneal involvement in vernal conjunctivitis
33629003,104,Drusen of optic disc
253225009,103,Congenital posterior polar cataract
39450006,102,Senile cataract
14748007,101,Corneal ectasia
193533000,101,Open-angle glaucoma - borderline
34187009,100,Severe myopia
29491004,99,Hypotropia
39837002,98,Alternating esotropia
37214009,98,Alternating exotropia
271710002,98,Partially accommodative esotropia
399864000,97,Macular edema not clinically significant with diabetes mellitus
232147001,96,Anisometropic amblyopia
1847009,95,Endophthalmitis
312998003,94,Central retinal vein occlusion - non-ischemic
28835009,94,Retinitis pigmentosa
274087000,94,Malignant melanoma of eye
231995008,93,Myopic chorioretinal atrophy
37155002,93,Glaucoma associated with ocular inflammation
194104000,92,Intermittent alternating exotropia
232049001,92,Adult vitelliform macular dystrophy
193589009,92,Nuclear senile cataract
95800001,92,Asteroid hyalosis
231970007,91,Cataract in systemic disorders
403436006,90,Cicatrizing conjunctivitis
312950007,89,Punctate inner choroidopathy
30523006,89,Degenerative drusen
9389005,88,Herpes simplex keratitis
815008,87,Episcleritis
415359008,87,Sarcoid uveitis
47704002,87,Blepharochalasis
415176004,86,Primary congenital glaucoma
410503002,86,Acquired esotropia
193531003,86,Borderline glaucoma
5587004,85,Corneal dystrophy
314557000,85,Bacterial keratitis
95802009,85,Vitritis
232043000,83,Hemispheric retinal vein occlusion
373426005,83,Epithelial basement membrane dystrophy
232093001,82,Congenital esotropia
65814009,82,Subluxation of lens
247121001,81,Macular branch retinal vein occlusion
62176008,80,Esophoria
399634005,79,"Choroidal melanoma, diffuse"
87614000,79,Pinguecula
232046008,79,Branch retinal vein occlusion with neovascularization
314030005,79,Post-traumatic uveitis
95730003,79,Marginal keratitis
35600002,78,Strabismic amblyopia
232100005,78,Residual esotropia
39021009,76,Disorder of refraction
413916006,76,Corneal ectasia due to laser in situ keratomileusis
314551004,76,Corneal graft disorder
297937005,73,Post-enucleation socket syndrome
414783007,73,Multifocal choroiditis
403434009,73,Atopic keratoconjunctivitis
95751000,73,Chronic blepharitis
314005007,72,Visually significant corneal scar
400940005,72,Inferior oblique overaction
416666007,72,Anterior uveitis in juvenile idiopathic arthritis
390909000,71,Extrusion of scleral buckle
314533000,70,Blunt injury of eye
4229009,70,Phthisis bulbi
53726008,70,Acute conjunctivitis
35055000,70,Band-shaped keratopathy
315296002,69,Penetrating wound of eye
74895004,69,Perforation of cornea
360455002,69,Coats' disease
193844000,68,"Keratoconus, stable condition"
312911008,67,Clinically significant macular edema
314427006,66,Drusen plus pigment change stage macular degeneration
424370005,66,Dislocation of lens
442782012,65,
314536008,65,Eyelid laceration with lid margin involvement
234526006,64,Ocular sarcoidosis
27194006,64,Corneal edema
315352000,64,Anterior subcapsular cataract
314266000,63,Occult choroidal neovascular membrane
371405004,63,Disorder of eye
63216003,62,Congenital keratoconus
417750006,60,Conjunctival laceration
314015001,60,Mixed maculopathy with diabetes mellitus
60318001,59,Duane's syndrome
74783009,59,Stenosis of lacrimal punctum
247124009,59,Retinal macroaneurysm
426301008,58,Superior oblique dysfunction
51995000,58,Rubeosis iridis
247145002,58,Atrophic macular change
313167009,58,Constant accommodative esotropia
231856008,58,Perennial allergic conjunctivitis
193349004,58,Preproliferative diabetic retinopathy
314006008,57,Acute central serous retinopathy with subretinal fluid
111523009,57,Acute hydrops keratoconus
86103006,57,Angioid streaks of choroid
61142002,57,Microphthalmos
427113002,57,Convergence excess esotropia
231879009,57,Perforating scleral wound
38742007,56,Central retinal artery occlusion
231794000,56,Injury of globe of eye
232003005,55,Retinal dialysis
312947009,55,Acute central serous chorioretinopathy
400937005,55,Sensory exotropia
231938007,54,Pellucid marginal corneal degeneration
247067003,54,Aphakia - no lens capsule
314535007,54,Eyelid laceration without lid margin involvement
26045000,54,Chronic allergic conjunctivitis
231880007,54,Perforating corneoscleral wound
193795008,53,Corneal scars and opacities
46168003,53,Pigmentary glaucoma
232063007,53,Familial exudative vitreoretinopathy
417089009,53,Limbal stem cell deficiency
67895005,53,Phlyctenular keratoconjunctivitis
78875003,52,Cortical senile cataract
19620000,52,Rhegmatogenous retinal detachment
231896005,52,Acanthamoeba keratitis
313155007,51,Distance esotropia
314764001,51,Corneal melting disorder
95723009,50,Subcapsular cataract
11422002,50,Combined form of senile cataract
231832009,50,Basal cell carcinoma of eyelid
22066006,49,Strabismus
6962006,49,Hypertensive retinopathy
95754008,49,Lower eyelid entropion
14366000,49,Exposure keratoconjunctivitis
75229002,48,Hyphema
27590007,48,Intermittent esotropia
232129007,48,Axial hypermetropia
46152009,48,Tear film insufficiency
193341001,48,Horseshoe retinal tear without detachment
313158009,48,Distance exotropia
69278003,47,Congenital aniridia
187194004,46,Toxoplasmosis chorioretinitis
87513003,46,Herpes zoster ophthalmicus
314265001,46,Classic choroidal neovascular membrane
16096002,46,Chemical burn of eyelid AND/OR periocular area
91514001,46,Corneal ulcer
443437004,45,Full thickness hole of macula lutea
3577000,45,Retinal lattice degeneration
255006004,45,Nevus of conjunctiva
302888003,45,Retinal round hole
32022003,45,Degenerative progressive high myopia
398760006,44,Abducens nerve palsy
73181007,44,Recurrent pterygium
81061007,44,Sebaceous cyst of eyelid
232078000,44,Intraocular foreign body in vitreous
230504002,44,Tilted optic disc
232010004,43,Traction retinal detachment involving macula
312702001,43,Full thickness macular hole stage II
232106004,43,Residual exotropia
314268004,43,Peripapillary choroidal neovascular membrane
66760008,43,Optic neuritis
255002002,43,Dermoid cyst of orbit
418134006,42,Conjunctival intraepithelial neoplasia
231866000,42,Conjunctival foreign body
399869005,42,High risk proliferative diabetic retinopathy not amenable to photocoagulation
404659001,42,Anterior ischemic optic neuropathy
186544000,42,Herpes simplex eyelid dermatitis
232067008,42,Retinal pigment epithelial detachment
231881006,42,Scleral rupture
410481000,42,Panuveitis in Behcet's syndrome
83901003,42,Sjögren's syndrome
60113004,41,Disorder of eyelid
397822009,41,Secondary exotropia
314019007,41,Idiopathic juxtafoveal telangiectasia
231947004,41,Anterior uveitis idiopathic
78946008,41,"Keratoconjunctivitis sicca, in Sjögren's syndrome"
95758006,41,Lower eyelid ectropion
1489008,41,External hordeolum
111512005,40,Posterior synechiae
231930000,40,Reis-Bucklers' corneal dystrophy
19721008,40,Hypotony of eye
53854005,40,Chorioretinal scar
189053003,40,Benign neoplasm of eyelid including canthus
314558005,40,Fungal keratitis
6640008,40,Angle recession
121,40,
95207005,40,Peripheral pterygium
225569001,39,Painful blind eye
75895005,39,Iris bombé
193325002,39,Old partial retinal detachment
314014002,39,Ischemic maculopathy with diabetes mellitus
38599001,39,Serous retinal detachment
422061002,39,Vitreous opacities
231854006,39,Atopic conjunctivitis
397549002,39,Meibomian gland dysfunction
204125003,39,Capsular cataract
43854003,38,Retraction of eyelid
231945007,38,Chemical injury to cornea
76976005,38,Optic atrophy
246727004,38,Manifest convergent squint
312908007,38,Proliferative diabetic retinopathy - quiescent
128080005,37,Neurotrophic keratitis
54873004,37,Congenital anomaly of orbit
64635004,37,Congenital nystagmus
193600001,37,Cataract secondary to ocular disease
232038007,37,Central retinal vein occlusion with neovascularization
95221007,37,Radiation retinopathy
397528003,37,Aqueous tear deficiency
37283009,37,Anterior dislocation of lens
35929003,36,Brown's tendon sheath syndrome
9446007,36,Coloboma of iris
110998005,36,Axial cataract
193497004,36,Vogt-Koyanagi-Harada disease
246839004,36,Orbital fat hernia
413437007,36,Acute esotropia
34250006,35,Benign mucous membrane pemphigoid
1493002,35,Acute endophthalmitis
314559002,35,Adenoviral keratitis
193722001,35,"Low vision, both eyes"
45283008,35,Granular corneal dystrophy
21928008,35,Secondary open-angle glaucoma
231816006,35,Laceration of eyelid
232138009,35,Irregular astigmatism - corneal
1654001,35,Corticosteroid-induced glaucoma
66081003,34,Conjunctival pigmentation
5888003,34,Keratitis
80744008,34,Commotio retinae
397572000,34,Herpes simplex keratouveitis
194131002,34,Convergence insufficiency
563001,34,Nystagmus
421920002,34,Cataract due to diabetes mellitus type 1
247068008,33,Aphakia - lens capsule present
246729001,33,Manifest divergent squint
21818003,33,Cataract in degenerative disorder
314033007,33,Uveitic glaucoma
314757003,33,Ocular cicatricial pemphigoid
312905005,33,Severe nonproliferative diabetic retinopathy
78370002,33,Scleritis
314436005,33,Ocular ischemic syndrome
267660007,32,Posterior scleritis
43363007,32,Posterior uveitis
417022003,32,Strabismus due to thyroid eye disease
111000003,32,Adherent cataract
116669003,31,Phacodonesis
416300008,31,Punctate epithelial keratitis
21783006,31,Mechanical lagophthalmos
231818007,31,Full thickness eyelid laceration with lacrimal passage damage
419197009,31,Lattice corneal dystrophy Type I
70099003,30,Stargardt's disease
231845008,30,Canalicular laceration
64634000,30,Corneal opacity
59026006,30,Blepharospasm
232000008,30,Choroidal effusion
314269007,30,Idiopathic choroidal neovascular membrane
255004001,30,Malignant melanoma of conjunctiva
232074003,29,Congenital hypertrophy of retinal pigment epithelium
200933006,29,Ocular rosacea
231824001,29,Benign tumor of eyelid
267089008,29,Has a squint
231986000,29,Acute retinal necrosis
200722003,29,Pyogenic granuloma
25470000,29,Acute dacryocystitis
275476006,28,Foreign body under eyelid
41256004,28,Presbyopia
423488006,28,Papilledema - optic disc edema due to raised intracranial pressure
57805002,28,Alternating exotropia with V pattern
232024000,28,Parafoveal telangiectasia
232053004,28,Autosomal recessive retinitis pigmentosa
85777005,28,Dacryocystitis
41564009,27,Double pterygium
194112008,27,Esotropia with accommodative compensation
416960004,27,Corneal endothelial dystrophy
276436007,27,Hereditary macular dystrophy
204138006,27,Congenital blue dot cataract
193326001,27,Old total retinal detachment
231841004,27,Stenosis of nasolacrimal duct
19161004,26,Corneal neovascularization
95711003,26,Nevus of iris
314032002,26,Inactive toxoplasmosis chorioretinitis
392352004,26,Angle recession glaucoma
247165009,26,Retinal detachment - subretinal fluid
126996004,26,Neoplasm of conjunctiva
414341000,26,Giant cell arteritis
95738005,26,Detachment of Descemet's membrane
414784001,25,Multifocal choroiditis and panuveitis syndrome
7426009,25,Central corneal ulcer
70394001,25,Phlyctenular conjunctivitis
162820002,25,O/E lens - early opacity
125667009,25,Contusion
318316003,25,Vernal conjunctivitis
42758002,25,Lacrimal mucocele
193350004,25,Advanced maculopathy with diabetes mellitus
247098001,25,Subhyaloid hemorrhage
47337003,25,After-cataract
274572000,24,Blind right eye
66139007,24,Pseudopterygium
311782002,24,Advanced retinal disease with diabetes mellitus
19144002,24,Absolute glaucoma
423341008,24,Optic disc edema
255005000,24,Papilloma of conjunctiva
370960006,24,Disorder of intraocular pressure
399870006,24,Non-high-risk proliferative diabetic retinopathy with no macular edema
76092003,24,Benign mucous membrane pemphigoid with ocular involvement
392300000,24,Phacomorphic glaucoma
721329001,24,Closed injury of eyeball
419596007,24,Suprachoroidal hemorrhage
372244006,24,Malignant melanoma
29943008,24,Herpes simplex dendritic keratitis
314497004,23,Contact lens related corneal infiltrate
68241007,23,Glaucoma associated with ocular trauma
255015006,23,Malignant melanoma of ciliary body
11603001,23,Sickle cell retinopathy
280816001,23,Facial palsy
425999002,23,Penetrating injury by sharp object
44268007,23,Retinoschisis
312951006,23,Multiple evanescent white dot syndrome
421689001,23,Retinal pigment epithelial abnormality
231812008,23,Floppy lid syndrome
9826008,23,Conjunctivitis
48705003,23,Open angle with cupping of optic discs
81416004,22,Open angle with borderline findings
73442001,22,Stevens-Johnson syndrome
164015000,22,O/E - ptosis
400130008,22,Temporal arteritis
5318001,22,Posterior subcapsular polar senile cataract
231822002,22,Cyst of gland of Zeis
95766002,22,Disorder of lacrimal gland
232013002,22,Macular retinoschisis
3171005,22,Partial third nerve palsy
9650008,22,Constant squint
253205005,22,Congenital blocked tear duct
312701008,22,Impending macular hole
302895007,22,Steroid-induced glaucoma - borderline
163990004,22,O/E - vitreous hemorrhages
312924008,22,Inactive central serous chorioretinopathy
429455007,22,Granuloma of eyelid
63844009,21,Oculocutaneous albinism
120,21,
59523007,21,Herpes simplex disciform keratitis
231908001,21,Lipid keratopathy
415297005,21,Retinopathy of prematurity
370504007,21,Aqueous humor misdirect
314011005,21,Focal exudative diabetic maculopathy
37231002,21,Macular retinal edema
95195003,21,Nodular scleritis
1412008,21,Anterior subcapsular polar cataract
314009001,21,Central serous retinopathy with small retinal pigment epithelial detachment
315607009,21,Glaucoma due to silicon oil
193548006,21,Steroid-induced glaucoma glaucomatous stage
246655008,21,Binocular diplopia
232099002,21,Consecutive esotropia
193327005,20,Old subtotal retinal detachment
211661000,20,Alkaline chemical burn of cornea and conjunctival sac
193881001,20,"Peripheral pterygium, progressive"
420789003,20,Retinopathy with type 1 diabetes mellitus
248487006,20,Optic disc swelling
314766004,20,Mixed type cataract
312698000,20,Retained soft lens matter in vitreous
414062007,20,Dry eye after laser in situ keratomileusis
28167005,20,Vitreous strands
68905002,20,Regular astigmatism
67320001,20,Convergence excess
86927009,20,Dacryoadenitis
408663001,19,Conjunctivochalasis
92358003,19,Benign neoplasm of skin of eyelid
231933003,19,"Lattice corneal dystrophy, isolated form"
29504002,19,Polymorphous corneal dystrophy
313165001,19,Functional visual loss
255022003,19,Hemangioma of choroid
247179001,19,Peripheral drusen
54122009,19,Eales' disease
47099006,19,Irregular astigmatism
91268007,19,Conjunctival melanosis
404649002,19,Traumatic mydriasis
314901000,19,Molluscum contagiosum with eyelid involvement
312902008,19,Macular pseudohole
275869006,19,O/E - skin lesion
34298002,18,Neonatal conjunctivitis
312719004,18,Disorder of intraocular lens
231977005,18,Spontaneous subluxation of lens
410568009,18,Anterior capsule opacification following extraction of cataract
13045009,18,Anisocoria
51286002,18,Filamentary keratitis
309779001,18,Meibomianitis
420024000,18,Opacification of intraocular lens
232108003,18,Dissociated vertical deviation
418602001,18,Punctal ectropion
76126009,18,Abscess of eyelid
106,17,
3044008,17,Vitreous prolapse
95339000,17,Distichiasis
29859007,17,Mechanical complication due to corneal graft
40070004,17,Molluscum contagiosum infection
90715009,17,Granuloma of conjunctiva
22247000,17,Dehiscence of surgical wound
4760008,17,Chronic dacryoadenitis
246744000,17,Divergent microtropia
231869007,17,Chemical burn injury to conjunctiva
95255005,17,Secondary hypotony of eye
92068002,17,Benign neoplasm of conjunctiva
204113001,17,Congenital glaucoma
274571007,17,Blind left eye
314407005,17,Retinal dystrophy
371052003,17,Traumatic wound dehiscence
416589006,17,Toxoplasma retinitis
28914006,17,Cicatricial ectropion
10810001,17,Disorder of lens
111530003,17,Manifest vertical squint
46606001,17,Perforated corneal ulcer
404647000,17,Corticosteroid induced cataract
85522003,17,Total third nerve palsy
416878008,17,Papillary conjunctivitis
230509007,17,Non-arteritic ischemic optic neuropathy
18410006,16,Scarred macula
231929005,16,Corneal epithelial degeneration
67383002,16,Cicatricial entropion
230690007,16,Cerebrovascular accident
314545009,16,Acute postoperative endophthalmitis
421452007,16,Hyperphoria
7183006,16,Anophthalmos
312491004,16,Serpiginous choroiditis
78675000,16,Stickler syndrome
53279002,16,Myogenic ptosis
108,16,
420485005,16,Herpetic iridocyclitis
314010006,16,Diffuse exudative maculopathy with diabetes mellitus
24982008,16,Diplopia
204192005,16,Coloboma of choroid
422426003,16,Facial nerve disorder
61267008,15,Retinal neovascularization
128477000,15,Abscess
9404003,15,Orbital swelling
23951003,15,Moll's gland cyst
38916004,15,Alkaline chemical burn of cornea AND/OR conjunctival sac
416713004,15,Corneal epithelial wound
21571006,15,Secondary angle-closure glaucoma
77157004,15,Disorder of optic nerve
50446000,15,Monocular diplopia
425961009,15,Corneal haze due to herpes simplex
267649003,15,Entropion and trichiasis of eyelid
49605003,15,Ophthalmoplegic migraine
231827008,15,Nevus of eyelid
267612009,15,"Degeneration of macula due to cyst, hole or pseudohole"
314026007,15,Avascular retinal pigment epithelial detachment
399875001,15,Non-high-risk proliferative diabetic retinopathy with clinically significant macular edema
3163006,15,Acute adenoviral follicular conjunctivitis
314781005,15,Conjunctival lipodermoid
232136008,15,Regular astigmatism - corneal
361130009,15,Peripheral retinoschisis
26479009,15,Chronic lacrimal canaliculitis
246748002,15,Incomitant exotropia
186678004,15,Keratoconjunctivitis due to adenovirus
232052009,14,Autosomal dominant retinitis pigmentosa
231959000,14,Foreign body in anterior chamber
312723007,14,Silicone oil droplets on intraocular lens
312929003,14,Acute zonal occult outer retinopathy
115,14,
314549003,14,Diffuse episcleritis
314031009,14,Acute toxoplasmosis chorioretinitis
1763009,14,Interstitial keratitis
312697005,14,Retained nuclear material in vitreous
193745007,14,"Low vision, one eye"
95742008,14,Corneal graft rejection
371098002,14,Post-radiation maculopathy
247227009,14,Optic disc drusen - buried
230515007,14,Traumatic optic neuropathy
399862001,14,Proliferative diabetic retinopathy - high risk with no macular edema
10698009,14,Herpes zoster iridocyclitis
314509006,14,Acquired myogenic ptosis
416069001,14,Thygeson superficial punctate keratitis
247158001,14,Macular pigment epithelial detachment
247226000,14,Optic disc drusen - elevated
408410002,14,O/E - left eye background diabetic retinopathy
59698003,14,Disorder of conjunctiva
404630001,14,Plateau iris configuration
95727005,14,Corneal non-healing epithelial ulcer
231903005,14,Superior limbic keratoconjunctivitis
125670008,14,Foreign body
402536001,14,Basal cell carcinoma - primary
90927000,13,Refractive amblyopia
50821009,13,Arterial retinal branch occlusion
416481006,13,Ocular toxoplasmosis
246822001,13,Lower lid ectropion with eversion
230506000,13,Myelinated nerve fibers of optic disc
4473006,13,Migraine with aura
194005002,13,Orbital cellulitis
231923006,13,Aphakic corneal edema
314029000,13,Tuberculous uveitis
63297008,13,Superficial retinal hemorrhage
418936009,13,Medial ectropion
231817002,13,Full thickness eyelid laceration
402494003,13,Basal cell carcinoma of lower eyelid
255012009,13,Malignant melanoma of iris
232035005,13,Retinal artery occlusion
370967009,13,Retinoblastoma
253224008,13,Congenital anterior polar cataract
95728000,13,Dermoid cyst of cornea
84399007,13,Acute lacrimal canaliculitis
193411004,13,Dominant drusen
313161005,13,Inferior rectus underaction
397570008,13,Herpes simplex stromal keratitis
31021007,13,Orbital cyst
20551005,13,Acute inflammation of orbit
193093009,13,Bell's palsy
232036006,13,Cilioretinal artery occlusion
232044006,13,Hemispheric retinal vein occlusion with neovascularization
253212001,13,Epiblepharon
95799000,13,Scleral laceration
426284001,13,Chemical burn
66962008,13,Suture granuloma
193413001,13,Leber's amaurosis
314784002,13,Secondary angle-closure glaucoma - synechial
373661007,12,Optic disc structural anomaly
26399002,12,Ocular albinism
60258001,12,Macular corneal dystrophy
129564003,12,Ankylosing spondylarthritis and eye lesions
2951009,12,Atopic cataract
313002004,12,Acute macular neuroretinitis
312909004,12,Proliferative diabetic retinopathy - iris neovascularization
43116000,12,Eczema
26468004,12,Retinal ischemia
95753002,12,Upper eyelid entropion
314548006,12,Endogenous endophthalmitis
231954005,12,Traumatic hyphema
73762008,12,Chronic conjunctivitis
14619009,12,Phoria
418439007,12,Sessile conjunctival papilloma
255025001,12,Osteoma of choroid
84884003,12,Retinal telangiectasia
414929001,12,Oculodermal melanocytosis
193776001,12,Keratoconjunctivitis sicca (excluding Sjögren syndrome)
28998008,12,Retinal hemorrhage
314007004,12,Chronic central serous retinopathy with diffuse retinal pigment epithelial detachment
24566000,12,Alternating esotropia with V pattern
193590000,12,"Total, mature senile cataract"
232051002,12,Pattern dystrophy of macula
367498001,12,Seasonal allergic rhinitis
111521006,12,Corneal degeneration
11547003,12,Preretinal hemorrhage
733339006,12,Disorder of eye and ocular adnexa due to and following procedure
441854007,12,Reactivation of toxoplasmosis chorioretinitis
268162003,12,Specified optic disc anomalies
424416009,12,Complete luxation of lens
90607003,12,Conjunctival scar
230684008,11,Ocular myasthenia
432265007,11,Rejection of corneal graft after penetrating keratoplasty
232135007,11,Index myopia
248516005,11,Lid margin cyst
312928006,11,Multifocal inner choroiditis
408765004,11,Leaking filtering bleb
90216006,11,Symblepharon
71111008,11,Glaucoma of childhood
186263000,11,Tuberculous chorioretinitis
312720005,11,Deposits on intraocular lens
399625000,11,Retinopathy
75315001,11,Sympathetic uveitis
302893000,11,Choroidal and/or chorioretinal disorder
312999006,11,Disorder of macula of retina
93390002,11,Coloboma of eye
84627005,11,Chronic dacryocystitis
95735008,11,Clouding of corneal stroma
408414006,11,O/E - left eye proliferative diabetic retinopathy
10100008,11,Malignant glaucoma
41799005,11,Hereditary retinal dystrophy
95500008,11,Persistent pupillary membranes
14169000,11,Posterior dislocation of lens
404625000,11,Eyelid malposition
246730006,11,Manifest alternating divergent squint
231998005,11,Choroidal fold
312917007,11,Cone dystrophy
56202001,11,Retinal detachment with retinal defect
314561006,11,Sterile keratitis
119,11,
422659005,11,Luxation of lens
193340000,11,Retinal round hole without detachment
408409007,10,O/E - right eye background diabetic retinopathy
384675002,10,Pupillary block
397573005,10,Herpes zoster keratitis
400938000,10,Sensory deprivation esotropia
314554007,10,Corneal graft vascularization
14357004,10,Ischemic optic neuropathy
255003007,10,Squamous cell carcinoma of conjunctiva
398057008,10,Tension-type headache
230505001,10,Pit of optic disc
231968003,10,Cataract following rupture of capsule
416658003,10,Conjunctival papillary hypertrophy
370506009,10,Keratouveitis
400958004,10,Primary iris cyst
92258000,10,Benign neoplasm of orbit
45688009,10,Pars planitis
231831002,10,Squamous cell carcinoma of eyelid
232022001,10,Proliferative diabetic retinopathy with new vessels elsewhere than on disc
123615007,10,Secondary optic atrophy
371097007,10,Rosacea blepharoconjunctivitis
402815007,10,Squamous cell carcinoma
417065002,10,Thiel-Behnke corneal dystrophy
392141001,10,Epithelial ingrowth
129623003,10,Iridocorneal endothelial syndrome
128082002,10,"Duane's syndrome, type 1"
81345003,10,Stenosis of lacrimal canaliculi
71044004,10,Cataract associated with radiation
6869001,10,Recurrent iridocyclitis
232133000,10,Simple myopia
271570007,10,Disorder of lens capsule
232021008,10,Proliferative diabetic retinopathy with new vessels on disc
63542002,10,Acid chemical burn of cornea AND/OR conjunctival sac
268159001,10,Congenital cataract and lens anomalies
309777004,10,Ingrowing eyelash of lower eyelid
312428002,10,Corneal infection
44427000,10,Trichiasis without entropion
408413000,10,O/E - right eye proliferative diabetic retinopathy
43300008,10,Central pterygium
95767006,10,Disorder of nasolacrimal duct
425622004,10,Scar of macula following trauma
231893002,10,Bacterial corneal ulcer
416650005,10,O/E - Right eye rubeosis iridis
230508004,10,Arteritic ischemic optic neuropathy
416558007,9,Exophthalmos due to thyroid eye disease
230514006,9,Radiation damage to optic nerve
285765003,9,Manifest-latent nystagmus
413921009,9,Corneal subepithelial haze
400959007,9,Secondary iris cyst
312718007,9,Disorders of prostheses and implants of the eye
420049001,9,Congenital abnormality of lacrimal drainage system
45889003,9,Districhiasis
79833006,9,Blepharophimosis syndrome
232061009,9,Congenital stationary night blindness
247041008,9,Incomplete posterior synechiae
56530002,9,Central opacity of cornea
164097009,9,O/E - cranial nerve 6 - palsy
418175004,9,Positive dysphotopsia
95244005,9,Rosacea keratitis
193609000,9,Drug-induced cataract
19886006,9,Sturge-Weber syndrome
402193002,9,Atopic dermatitis of eyelid
74025007,9,Intermittent tropia
441759008,9,Abnormal vision as a late effect of cerebrovascular disease
193628007,9,Anisometropia and aniseikonia
312930008,9,Sarcoid chorioretinitis
254979004,9,Melanocytoma of optic nerve head
314486004,9,Phimosis of lens capsule
22455005,9,Cytomegaloviral retinitis
232094007,9,Esotropia with dissociated vertical deviation
419738008,9,Pedunculated conjunctival papilloma
416813006,9,Compressive optic neuropathy due to thyroid eye disease
314508003,9,Congenital myogenic ptosis
49823009,9,Internuclear ophthalmoplegia
415174001,9,Primary acquired melanosis of conjunctiva with atypia
313159001,9,Near exotropia
27971006,9,Terrien's marginal degeneration of cornea
33229005,9,Microphthalmos associated with other anomalies of eye AND/OR adnexa
52421005,9,Incipient cataract
433087001,9,Primary failure of corneal graft after penetrating keratoplasty
285642002,9,Metastasis to eye of unknown primary
194156008,9,Vitreous syndrome following cataract surgery
399207003,9,Secondary esotropia
42513006,9,Superficial punctate keratitis
76201007,9,Mechanical ptosis
415172002,9,Primary acquired melanosis of conjunctiva
36259009,9,Eczematous dermatitis of eyelid
232054005,9,X-linked retinitis pigmentosa
399872003,9,Severe nonproliferative diabetic retinopathy with clinically significant macular edema
113,9,
403867004,8,Basal cell papilloma clonal type
193880000,8,"Peripheral pterygium, stationary"
60505005,8,Congenital anomaly of optic disc
89188001,8,Acute posterior multifocal placoid pigment epitheliopathy
278805002,8,Uveal effusion syndrome
231838008,8,Complete obstruction of lacrimal punctum
70558001,8,Nodular episcleritis
55408009,8,Senile entropion
416786002,8,Penetrating injury of lens
78778007,8,Adhesions of iris
421293001,8,Unexplained visual loss
441457006,8,Cyst
418915007,8,Marginal corneal infiltrate associated with blepharoconjunctivitis
7927006,8,Periorbital hematoma
420788006,8,Primary intraocular non-Hodgkin malignant lymphoma
246750005,8,Incomitant hypotropia
238984005,8,Diabetic rubeosis
92829008,8,Glaucoma due to combination of mechanisms
90560007,8,Gout
27038009,8,Lacrimal gland cyst
46382007,8,Peripheral nerve facial nerve paralysis
416328002,8,O/E - Left eye rubeosis iridis
402867006,8,Capillary hemangioma
314562004,8,Contact lens related sterile keratitis
8656007,8,Total traumatic cataract
315297006,8,Congenital dysgenetic ptosis
426058000,8,Penetrating injury by glass
421506003,8,Retinal pigment epithelium atrophy
77676001,8,Prolapse of iris
419195001,8,Conjunctival inclusion cyst
27536004,8,Secondary corneal edema
62660000,8,Conjunctival deposit
231978000,8,Traumatic subluxation of lens
33584003,8,Excyclotropia
13706005,8,Conjunctival concretion
247043006,8,Complete posterior synechia
415734002,8,Toxic conjunctivitis due to drug
1361009,8,Leukocoria
231911000,8,Superficial corneal vascularization
128331005,8,Optic disc disorder
2532009,8,Choroidal rupture
58200004,8,Pseudoptosis
92169007,8,Benign neoplasm of lacrimal gland
85478004,8,Disorder of iris
232011000,8,Traction retinal detachment sparing macula
2589008,8,Acute dacryoadenitis
246749005,8,Incomitant hypertropia
271431003,8,Congenital stenosis of nasolacrimal duct
57138009,8,Pseudopapilledema
32893002,8,Phacolytic glaucoma
400944001,8,Bilateral superior oblique palsy
207787008,8,Fracture of orbital floor
16553002,8,Choroiditis
20828000,8,Spastic entropion
402495002,8,Basal cell carcinoma of medial canthus
231907006,8,Disciform keratitis
231797007,7,Seborrheic blepharitis
414666009,7,Meningioma of orbit
193410003,7,Sorsby's fundus dystrophy
45953007,7,Iridodialysis
422311004,7,Simple ectopia lentis
232076001,7,Amyloid of vitreous
46674002,7,Nondiabetic proliferative retinopathy
95686007,7,Chorioretinal atrophy
232028002,7,Laser coagulation burn to retina
410498000,7,Intraocular lens associated postoperative inflammation
124,7,
75241009,7,Choroideremia
414303007,7,Fungal endophthalmitis
232027007,7,Photocoagulation burn to retina
281339009,7,Papilloma of caruncle
416931008,7,Corneoscleral laceration
314553001,7,Corneal graft infection
246994006,7,Anterior chamber total hyphema
302217008,7,Disorder of anterior chamber of eye
247099009,7,Optic disc neovascularization
231956007,7,Traumatic aniridia
251287009,7,Excess skin and muscle of eyelid
84333006,7,Phacogenic glaucoma
231951002,7,Traumatic iris atrophy
63725005,7,Corneal lesion
67678004,7,Acute atopic conjunctivitis
427115009,7,Herpes simplex corneal endotheliitis
90036004,7,Vitelliform dystrophy
231980006,7,Traumatic dislocation of lens
193893005,7,Conjunctival vascular disorders and cysts
19220005,7,Complication of implant
46627006,7,Chorioretinitis
70992005,7,Anterior synechiae
312946000,7,Terson's syndrome
418209000,7,Dysphotopsia
201170007,7,Cicatrical trichiasis
64366002,7,Corneal abscess
312906006,7,Proliferative diabetic retinopathy - non high risk
88151007,7,Keratoconjunctivitis
126499002,7,Neoplasm of skin of eyelid
234646005,7,Graft versus host disease
231793006,7,Acquired anophthalmos
399899001,7,Acquired melanocytic nevus
164012002,7,O/E - convergent squint
80698001,7,Orbital myositis
314506004,7,Traumatic corneal abrasion
232109006,7,Double elevator palsy
193549003,7,Steroid-induced glaucoma residual stage
418839003,7,Tubulointerstitial nephritis with uveitis syndrome
95499004,7,Hypoplasia of the optic nerve
410494003,7,Lens-induced uveitis
410480004,7,Iritis in Behcet's syndrome
193323009,7,Recent total retinal detachment
193321006,7,New partial retinal detachment with giant tear defect
164386002,7,O/E - eyebrow cyst present
95324001,7,Skin lesion
417746004,7,Traumatic injury
59165007,7,Rheumatoid scleritis
267611002,7,Degeneration of macula and posterior pole
6400008,7,Xanthoma of eyelid
314765000,7,Rheumatoid melting disorder of cornea
81519008,7,Transient refractive change
65074000,7,Iritis
13048006,7,Orbital lymphoma
51226000,7,Round hole of retina without detachment
422471006,7,Herpes zoster acute retinal necrosis
410477000,7,Infective uveitis
397515005,7,Molluscum contagiosum blepharoconjunctivitis
232075002,6,Lymphoma of retina
425155005,6,Penetrating injury by unknown object
430888006,6,Dystrophy of anterior cornea
373650004,6,Hypoplasia of optic disc
3426005,6,Retained magnetic intraocular foreign body
204142009,6,Anterior chamber anomalies
403858004,6,Multiple skin tags of eyelids
92828000,6,Coloboma of eye
246833003,6,Symblepharon to globe
232017001,6,Anterior proliferative vitreoretinopathy
314270008,6,Persistent hyperplastic primary vitreous
312935003,6,Capillary hemangioma of retina
429448005,6,Congenital anomaly of anterior segment of eye
232079008,6,Glaucoma suspect
314494006,6,Pseudophakic retinal detachment
442782009,6,
399874002,6,Proliferative diabetic retinopathy - high risk with clinically significant macular edema
69896004,6,Rheumatoid arthritis
312979000,6,"Acquired blindness, one eye"
414521009,6,Internal hordeolum
12570008,6,Nummular keratitis
28900006,6,Occlusion of pupil
278808000,6,Staphylococcal blepharitis
413626002,6,Bacterial endophthalmitis
404631002,6,Plateau iris syndrome
31825002,6,Abnormal granulation tissue
4839005,6,Chronic enlargement of lacrimal gland
247186009,6,Peripheral retina - white without pressure
410556000,6,Traumatic iridodialysis
416463008,6,Intraocular lens intralenticular opacification
25506007,6,Exudative retinopathy
313154006,6,Near esotropia
232037002,6,Branch macular artery occlusion
271730003,6,Horner's syndrome pupil
231957003,6,Traumatic cyclodialysis
274204004,6,Corneal burn
69501006,6,Facial nerve motor disorder
231852005,6,Orbital foreign body
68633000,6,Pupillary disorder
367520004,6,Incontinentia pigmenti syndrome
5127009,6,Jaw-winking syndrome
35743001,6,Pendular nystagmus
417713005,6,Abnormality of surgical wound
64690006,6,Mechanical complication due to intraocular lens implant
417020006,6,Traumatic iritis
92819001,6,Marginal blepharitis
39832008,6,Cotton wool spots
285764004,6,Manifest nystagmus
418686001,6,Actinic keratosis of eyelid
53772007,6,Vitreous detachment
10970008,6,Calcified cataract
80328002,6,Progressive cone-rod dystrophy
417651000,6,Congenital hereditary endothelial dystrophy
231825000,6,Squamous cell papilloma of eyelid
73211009,6,Diabetes mellitus
397569007,6,Follicular conjunctivitis due to molluscum contagiosum
6777006,6,Hypotony of eye associated with another ocular disorder
400210000,6,Hemangioma
414489005,6,Infantile nystagmus syndrome
19346006,6,Marfan's syndrome
24079001,6,Atopic dermatitis
230131008,6,Graft complications
57286009,6,Secluded pupil
1674008,6,Meesman's corneal dystrophy
418842009,6,Disorder of vitreous cavity
66990007,6,Residual stage of open angle glaucoma
231921008,6,Phakic corneal edema
34037000,6,Microaneurysm of retinal artery
392029006,6,Uveitis-glaucoma-hyphema syndrome
367469000,6,Color vision deficiency
95655001,6,Ophthalmic migraine
231826004,6,Seborrheic keratosis of eyelid
421489005,6,Against-the-rule astigmatism
420011000,6,Hypotony of eye due to ocular fistula
246728009,6,Manifest alternating convergent squint
13978000,6,Chronic endophthalmitis
247100001,6,Peripheral retinal neovascularization
267648006,6,Contact or allergic eyelid dermatitis
128468007,6,Disorder of choroid of eye
107,5,
17541006,5,Coloboma of optic disc
186854007,5,Uveitis due to secondary syphilis
246938006,5,Corneal dellen
111534007,5,Scleral staphyloma
31254003,5,Alternating exotropia with A pattern
193320007,5,New partial retinal detachment with multiple defects
27019000,5,Superficial keratitis
413665004,5,Bleb associated endophthalmitis
314510001,5,Paralytic ectropion
53933002,5,Injury of facial nerve
41478008,5,Corneal deformity
164013007,5,O/E - divergent squint
420030000,5,Serous macular detachment
74460005,5,Corneal deposit
51331000,5,Mechanical complication of prosthetic implant in orbit of eye
422338006,5,Degenerative disorder of macula
26125006,5,Toxic optic neuropathy
92059004,5,Benign neoplasm of choroid
61536007,5,Peripheral retinal degeneration
11096003,5,Retained nonmagnetic foreign body in anterior chamber
232097000,5,Primary esotropia
49001006,5,Synchysis scintillans
232057003,5,Usher syndrome type 1
314267009,5,Extramacular choroidal neovascular membrane
232140004,5,Accommodative insufficiency
37761009,5,Cyst of iris
194118007,5,Partial oculomotor nerve palsy
86142006,5,Pemphigoid
232071006,5,Occult neovascularization of macula
413917002,5,Corneal flap fold
419445007,5,Capsular bag distension syndrome
303019009,5,Spontaneous hyphema
56852002,5,Achromatopsia
419893006,5,Epidermoid cyst
418591009,5,Corneal wound burn
314008009,5,Inactive central serous retinopathy with focal retinal pigment epithelial detachment
40787005,5,Conjunctival degeneration
417604002,5,Axenfeld-Rieger syndrome
441459009,5,Cystic dermoid choristoma
31788005,5,Epiphora due to excess lacrimation
414780005,5,Mucosa-associated lymphoid tissue (MALT) lymphoma of orbit
68222009,5,Pigmentary retinal dystrophy
268158009,5,Megalocornea
231853000,5,Orbital varix
232090003,5,Glaucoma following surgery
416920000,5,Obstruction of lacrimal canaliculus
402529002,5,Basal cell carcinoma - micronodular
83110007,5,Descemetocele
417290008,5,Sclerokeratitis
27871007,5,Choroidal detachment
193995004,5,Acquired stenosis of nasolacrimal duct
193832003,5,Corneal dystrophy unspecified
128045006,5,Cellulitis
410724009,5,Disorder of filtering bleb
4740000,5,Herpes zoster
204108000,5,Simple microphthalmos
193561006,5,Secondary angle-closure glaucoma with pupillary block
8148005,5,Chemosis of conjunctiva
314496008,5,Contact lens related disorder
312945001,5,Infiltrative optic neuropathy
48233004,5,Traumatic optic nerve injury
210277000,5,Full thickness eyelid laceration without lacrimal passage involvement
109242000,5,Abscess of periorbital region
232149003,5,Acquired blindness
40024006,5,Retinal defect
1207009,5,Glaucomatous atrophy of optic disc
111529008,5,Monocular exotropia with V pattern
413666003,5,Blebitis
225916007,5,Suture line inflamed
232031001,5,Valsalva retinopathy
312934004,5,Syphilitic chorioretinitis
81756001,5,Horizontal nystagmus
251735009,5,Angle foreign body
246960009,5,Corneal stromal wound
312913006,5,Ischemic maculopathy
427300002,5,Vitreous loss
314020001,5,Viral keratitis
247034002,5,Peripheral anterior synechiae
80093006,5,Enophthalmos
232042005,5,Central retinal vein occlusion - juvenile with macular edema
419774004,5,Surgically induced astigmatism
427435004,5,Punctate keratopathy after penetrating keratoplasty
312943008,5,Idiopathic optic disc swelling
35545005,5,Secondary pigmentary retinal degeneration
231937002,5,Acquired keratoglobus
194102001,5,Intermittent alternating esotropia
20555001,5,Herpes simplex iritis
269164007,5,Eyelid and lacrimal drainage system laceration
399252000,5,Divergent concomitant strabismus
232134006,5,Congenital axial myopia
46622000,5,"Keratoconjunctivitis sicca, not specified as Sjögren's"
49346003,5,Closed fracture of orbital floor (blow-out)
76309006,5,Cataract with neovascularization
26098002,5,Microcornea
416071001,5,Cataract associated with infrared radiation
95489009,5,Congenital conjunctival cyst
56081000,5,Subconjunctival cyst
268160006,5,Congenital corneal opacity
422071000,5,Corneal incision leaking
84777002,5,Dislocation of lacrimal gland
95502000,5,Congenital anomaly of optic nerve
1135000,5,Solar retinopathy
54552008,5,Disorder of accommodation
231865001,5,Conjunctival wound
421779007,4,Exudative maculopathy with type 2 diabetes mellitus
24005006,4,Vitreo-retinal adhesion
408415007,4,O/E - right eye diabetic maculopathy
398963001,4,Abducens nerve weakness
307670000,4,Congenital nystagmus with sensory abnormality
283360009,4,Laceration of eye region
231870008,4,Conjunctival telangiectasis
314498009,4,Contact lens related giant papillary conjunctivitis
418801006,4,Intraoperative floppy iris syndrome
186542001,4,Ophthalmic herpes simplex
193638002,4,Stimulus deprivation amblyopia
301460003,4,Ingrowing eyelash
193370005,4,Proliferative retinopathy due to sickle cell disease
418998008,4,Chemical keratitis
24225004,4,Tonic pupillary reaction
420505005,4,Corneal endothelial allograft rejection
231829006,4,Malignant tumor of eyelid
397568004,4,Avellino corneal dystrophy
255123005,4,Metastasis to nervous system and eye
204127006,4,Cortical and zonular cataract
193546005,4,Primary angle-closure glaucoma residual stage
231839000,4,Complete obstruction of lacrimal canaliculus
193764001,4,Dendritic ulcer
193615000,4,After-cataract with vision obscured following extraction of cataract
70449006,4,Amaurosis
82576008,4,Retained foreign body in eye
371066008,4,Contact lens related corneal abrasion
413898007,4,Complication of refractive keratoplasty by laser surgery
109273001,4,"Melanocytic nevus of eyelid, including canthus"
313160006,4,Superior rectus underaction
404223003,4,Deep venous thrombosis of lower extremity
419046003,4,Negative dysphotopsia
93040009,4,Congenital blepharophimosis
410721001,4,Failed filtering bleb
231828003,4,Capillary hemangioma of eyelid
71654004,4,Dacryops
231909009,4,Infectious crystalline keratopathy
109,4,
423197001,4,Arteriovenous abnormality of orbit
45623002,4,Glaucoma associated with anterior segment anomaly
128084001,4,"Duane's syndrome, type 3"
95708004,4,Vogt-Koyanagi-Harada like syndrome
424353002,4,Corneal haze due to herpes zoster
231892007,4,Infective corneal ulcer
66485003,4,Retinal scar
428575007,4,Hypertension secondary to kidney transplant
254838004,4,Carcinoma of breast
19416009,4,Congenital anomaly of eye
22440001,4,Mooren's ulcer
403865007,4,Basal cell papilloma hyperkeratotic type
231942005,4,Corneal rust ring
86923008,4,Juvenile retinoschisis
201340008,4,Pigmented skin lesion
281450006,4,Loosening of total knee replacement
42448002,4,Herpes zoster keratoconjunctivitis
370512004,4,Migration of implant or internal device
399963005,4,Abrasion
193458007,4,Peripheral chorioretinal scar
416491000,4,Immune recovery uveitis
111522004,4,Arcus senilis
95496006,4,Geographic retinal dysplasia
86219005,4,Uveitis-rheumatoid arthritis syndrome
201101007,4,Actinic keratosis
416473005,4,Peripheral ulcerative keratitis
93423006,4,Dermatitis of eyelid
88032003,4,Amaurosis fugax
267646005,4,Local conjunctival adhesions
231950001,4,Injury of iris and ciliary body
38907003,4,Varicella
95774001,4,Atrophy of optic disc
193551004,4,Glaucoma due to another disorder
35666006,4,Corneal pannus
314780006,4,Racial melanosis of conjunctiva
402527000,4,Basal cell carcinoma - infiltrative
419395007,4,Schnyder crystalline cornea dystrophy
232050001,4,Bull's eye macular dystrophy
188273005,4,Malignant neoplasm of lacrimal sac
410482007,4,Iritis in psoriatic arthritis
254992001,4,Pleomorphic adenoma of lacrimal gland
204128001,4,Congenital lamellar cataract
76682005,4,Disorder of vitreous body
247071000,4,Thickening of lens capsule in aphakia
193683001,4,Color blindness
247141006,4,Retinal pigment deposits
85100000,4,Open wound of eyeball
111515007,4,Anterior subcapsular polar senile cataract
231798002,4,Posterior lid margin disease
193324003,4,Recent subtotal retinal detachment
413918007,4,Corneal flap macrostriae
404183005,4,Functional vision problem
423084001,4,Macular exudate
44923005,4,Vogt-Koyanagi syndrome
95509009,4,Congenital strabismus
267608003,4,Retinal detachments and defects
232069006,4,Retinal pigment epithelial detachment with tear of retinal pigment epithelium
122003,4,Choroidal hemorrhage
400945000,4,Congenital sixth nerve palsy
423771003,4,Acquired neuromuscular ptosis
193319001,4,New partial retinal detachment with single defect
408411003,4,O/E - right eye preproliferative diabetic retinopathy
292787003,4,Silicone adverse reaction
419237004,4,Ectopia lentis et pupillae
422116004,4,Episcleral nodule
247146001,4,Macular pigment deposit
19309007,4,Glaucoma associated with vascular disorder
162815002,4,O/E - subconjunctival hemorrhage
254817005,4,Oculocutaneous melanocytic nevus
397513003,4,Hordeolum
240481008,4,Chronic herpes simplex
193523008,4,Ectopic pupil
53667005,4,Glaucoma associated with systemic syndromes
164094002,4,O/E - cranial nerve 4 - palsy
95797003,4,Necrotizing scleritis
188264002,3,Malignant tumor of iris
396275006,3,Osteoarthritis
410508006,3,Herpes simplex conjunctivitis
246937001,3,Microcystoid epithelial degeneration of cornea
396230008,3,Dermatomyositis
231857004,3,Giant papillary conjunctivitis
231979008,3,Spontaneous dislocation of lens
420920007,3,Vitamin B12 deficiency optic neuropathy
314863004,3,Secondary acquired nasolacrimal duct obstruction
399865004,3,Very severe proliferative diabetic retinopathy
413837004,3,Chronic follicular conjunctivitis due to drug
424956000,3,Retinal pigment epithelial hyperplasia
37796009,3,Migraine
44115007,3,Toxic maculopathy
247171003,3,Retinal giant dialysis
267659002,3,Scleritis and episcleritis
472696003,3,Loose suture of corneal graft
64015001,3,Subacute anterior uveitis
371436007,3,Disorder of orbit proper
264443002,3,Morgagnian cataract
421040007,3,Vortex keratopathy
415735001,3,Toxic keratoconjunctivitis
246956006,3,Corneal stromal abscess
312722002,3,YAG laser pit in intraocular lens
232033003,3,Sickle cell-hemoglobin C retinopathy
254943007,3,Benign tumor of choroid plexus
21709007,3,Choroid scar
29050005,3,Acute iritis
231943000,3,Thermal and radiation injury to the cornea
95331002,3,Ocular-mucous membrane syndrome
211662007,3,Acid chemical burn of cornea and conjunctival sac
81796004,3,Idiopathic cyst of iris
416952000,3,Corneal endothelial wound
52102006,3,Enophthalmos due to trauma
95493003,3,Congenital retinoschisis
35472004,3,Open angle with borderline intraocular pressure
72124005,3,Abnormal pupillary function
370247008,3,Facial laceration
232125001,3,Simple hypermetropia
239195009,3,Flap disorder
29555009,3,Retinal disorder
371756009,3,Generalized iris atrophy
193525001,3,Recession of chamber angle
28244003,3,Eversion of lacrimal punctum
313253009,3,Ulcer of eyelid
232018006,3,Posterior proliferative vitreoretinopathy
439965000,3,Inflammatory reaction of eye due to intraocular lens implant
8016009,3,Hypophoria
232058008,3,Usher syndrome type 2
414117006,3,Equine recurrent uveitis
204132007,3,Anomalies of lens shape
428123009,3,Scleral melt
247159009,3,Macular pigment epithelial rip
254977002,3,Benign neoplasm of optic nerve and nerve sheath
404634005,3,Glaucoma associated with iridocorneal endothelial syndrome
188982009,3,Lipoma of eyebrow
117,3,
415590006,3,Strabismus due to orbital blowout fracture
424408000,3,Keratoacanthoma of eyelid
231936006,3,Irido-corneo-endothelial syndrome
416879000,3,Scleritis due to granulomatosis with polyangiitis
39429002,3,Chronic follicular conjunctivitis
416485002,3,Keratoconjunctivitis sicca due to graft-versus-host disease
253234004,3,Congenital heterochromia iridis
423099001,3,Apocrine hidrocystoma of eyelid
427213005,3,Autoimmune vasculitis
84178004,3,Conjunctival edema
402249007,3,Allergic contact dermatitis of eyelid
404656008,3,Calcified optic disc drusen
55828000,3,Ectropion uveae
247528000,3,Malposition of lashes
49107007,3,Tuberculosis of eye
118166004,3,Iridodonesis
44526006,3,Rotary nystagmus
50801008,3,Vitreous liquifaction
402519009,3,Basal cell carcinoma of face
230461009,3,Headache disorder
314539001,3,Alcohol related optic neuropathy
60189009,3,Vitreous degeneration
254701007,3,Basal cell carcinoma of skin
247177004,3,Chorioretinal degeneration
302889006,3,Retinal tractional tear
127004000,3,Neoplasm of lacrimal gland
231901007,3,Neuropathic corneal ulcer
285302001,3,Cyst of skin
231967008,3,Concussion cataract
187906008,3,Malignant neoplasm of orbital bone
231796003,3,Cellulitis of eyelid
231974003,3,Elschnig's pearls
416068009,3,Perforating injury of lens
414892004,3,O/E - left eye clinically significant macular edema
247170002,3,Retinal breaks - multiple defects
73221001,3,Optic papillitis
413746000,3,Candida endophthalmitis
413552002,3,Anterior segment ischemia
403871001,3,Cutaneous horn
128483002,3,Acute disease of orbit
314864005,3,Functional nasolacrimal duct obstruction
426570007,3,Herpes zoster interstitial keratitis
402356004,3,Chronic graft-versus-host disease
72494008,3,Corneal nebula
23293006,3,Rupture of eye with partial loss of intraocular tissue
57534004,3,Retinal vascular disorder
419902008,3,Dislocated capsular tension ring
93655004,3,Malignant melanoma of skin
402405007,3,Angioedema of eyelids
232034009,3,Central serous retinopathy with pit of optic disc
15250008,3,Disorder of cornea
314514005,3,Neurofibroma of eyelid
41308008,3,Acute follicular conjunctivitis
38583007,3,Toxic cataract
175004,3,Supraorbital neuralgia
399463004,3,Retinitis
92097004,3,Benign neoplasm of eye
91637004,3,Myasthenia gravis
95756005,3,Entropion - ectropion combination
19357001,3,Late effects of trachoma
39209001,3,Contraction of eye socket after enucleation
109989006,3,Multiple myeloma
204153003,3,Irido-corneo-trabecular dysgenesis
9631008,3,Ankylosing spondylitis
204179007,3,Congenital macular changes
419325003,3,Brown-McLean Syndrome
441622000,3,Presenile cataract
13645005,3,Chronic obstructive lung disease
246824000,3,Uncomplicated ptosis
276729007,3,Dermoid cyst of skin
2576002,3,Trachoma
311789006,3,Immature cortical cataract
19885005,3,Thyrotoxic exophthalmos
57838006,3,Retinitis pigmentosa-deafness syndrome
248503005,3,Fine corneal edema
314420008,3,Chorioretinal tumor
397561005,3,Contact lens overwear syndrome
189155007,3,Benign neoplasm lacrimal sac
359668007,3,Focal retinitis
422233000,3,Retinal collateral vessels
312978008,3,"Acquired blindness, both eyes"
314862009,3,Primary acquired nasolacrimal duct obstruction
56170001,3,Photopsia
421632000,3,Contact lens related papillary conjunctivitis
231926003,3,Crocodile shagreen of cornea
114,3,
232080006,3,Plateau iris
404670008,3,Cholesterol retinal embolus
302890002,3,Multiple retinal breaks
66747002,3,Glaucoma associated with ocular disorder
46659004,3,Von Hippel-Lindau syndrome
95505003,3,Congenitally small punctum lacrimale
314544008,3,Postoperative endophthalmitis
312938001,3,Combined hamartoma of retina
253223002,3,Congenital polar cataract
420519005,3,Malignant lymphoma of the eye region
417395001,3,Congenital hereditary endothelial dystrophy type 2
314017009,3,Acute-on-chronic glaucoma
440027000,3,Infiltrate of cornea
2065009,3,Dominant hereditary optic atrophy
193885005,3,Conjunctival degenerations and deposits
195353004,3,Granulomatosis with polyangiitis
312957005,3,Variant central serous chorioretinopathy
44295002,3,Congenital coloboma of optic disc
30537002,3,Peripheral scar of posterior pole of eye
267727004,3,Blind or low vision - both eyes
255184001,3,Papilloma of skin
95745005,3,Dermoid cyst of conjunctiva
38579007,3,Partial recent retinal detachment with retinal dialysis
28143002,3,Phthisical cornea
35387008,3,Congenital aphakia
29538005,3,Glaucomatocyclitic crisis
403609001,3,Drug-induced Stevens-Johnson syndrome
204152008,3,Axenfeld anomaly
201091002,3,Skin tag
410509003,3,Herpes zoster conjunctivitis
239938009,3,Giant cell arteritis with polymyalgia rheumatica
95750004,3,Acute blepharitis
246877005,3,Bulbar conjunctival degeneration
22950006,3,Blindness of one eye
418254004,2,Corneal keloid
267637004,2,Corneal pigmentations and deposits
247167001,2,Retinal operculated tear
402472006,2,Cutaneous xanthoma
420675003,2,Supranuclear gaze palsy
403435005,2,Ligneous conjunctivitis
231863008,2,Injury of conjunctiva
44647001,2,Persistent hyaloid artery
12603003,2,Pseudocoloboma of iris
410485009,2,Iritis with Crohn's disease
255018008,2,Adenoma of pigmented epithelium of ciliary body
313156008,2,Cyclic esotropia
79195003,2,Abnormal retinal correspondence
18265008,2,Exophthalmos
247069000,2,Aphakia - Soemmering's ring
65215002,2,Monocular esotropia with V pattern
193783008,2,Interstitial and deep keratitis
314512009,2,Hemangioma of eyelid
400941009,2,Superior oblique overaction
46690002,2,Disorder of skin pigmentation
39944005,2,Combined form of nonsenile cataract
239915006,2,Secondary Sjögren's syndrome
231994007,2,Toxocara chorioretinitis
95418008,2,Muscle spasms of head AND/OR neck
72776003,2,Orbital granuloma
92075001,2,Benign neoplasm of cystic duct
309778009,2,Ingrowing eyelash of upper eyelid
194043004,2,Optic atrophy secondary to retinal disease
3723001,2,Arthritis
74969002,2,Congenital ectopic lens
231952009,2,Tears of iris stroma
423425006,2,Malignant neoplasm of skin of eyelid
255000005,2,Neurofibroma of orbit
246747007,2,Incomitant esotropia
232103007,2,Primary exotropia
263167007,2,Blow out fracture of orbit
76562003,2,Congenital subcapsular cataract
25093002,2,Disorder of eye due to diabetes mellitus
58610003,2,Leber's optic atrophy
246823006,2,Lower lid ectropion with retraction
247147005,2,Macular diffuse atrophy
421731000,2,Hypertensive optic neuropathy
312770008,2,Cyst of iris and/or ciliary body
307680001,2,Abducting nystagmus
387743001,2,Functional amblyopia
42697001,2,Contusion of orbital tissues
414063002,2,Duane syndrome with vertical deviation
23653003,2,Traumatic blindness
33382000,2,Panophthalmitis
49774006,2,Intermittent exophthalmos
232073009,2,Angiomatosis of retina
398925009,2,Abducens nerve disorder
1869002,2,Rupture of sphincter of pupil
424765000,2,Penetrating injury due to glass
413924001,2,Cortical visual impairment
370483001,2,Mittendorf dot
210289003,2,Magnetic foreign body penetrating eyeball
238893005,2,Fat hypertrophy
402651002,2,Acquired cutaneous vascular malformation
70388009,2,Postoperative cataract syndrome
128535002,2,Disorder of anterior segment of eye
95718009,2,Rupture of lens
414908005,2,O/E - right eye clinically significant macular edema
431583000,2,Superficial abrasion of eye region structure
402648009,2,Secondary telangiectasia
8654005,2,Ectodermal dysplasia
8104000,2,Horseshoe tear of retina without detachment
403279005,2,Pigmented skin lesion of uncertain nature
399660006,2,Ring melanoma of ciliary body
399305009,2,Nonsenile cataract
47382004,2,Dermatophytosis
188983004,2,Lipoma of eyelid
307675005,2,Central vestibular nystagmus
54771008,2,Endophlebitis
95716008,2,Focal anterior synechiae of iris
399937000,2,Acquired disorder of keratinization
95746006,2,Abscess of conjunctiva
35158001,2,Paresis of extraocular muscles
26664005,2,Scleromalacia perforans
210290007,2,Nonmagnetic foreign body penetrating eyeball
408412005,2,O/E - left eye preproliferative diabetic retinopathy
39501002,2,Posttraumatic choroid scar
299699004,2,Infective conjunctivitis
410506005,2,Inferior rectus muscle restriction
285767006,2,Delayed visual maturation
3018008,2,Penetration of eyeball with magnetic foreign body
93435005,2,Drug-induced glaucoma
52539004,2,Vascular sheathing of retina
254997007,2,Capillary hemangioma of orbit
230714009,2,Anterior circulation stroke of uncertain pathology
420289002,2,Pupil sparing third nerve palsy
69260008,2,Complication of internal prosthetic device
5743005,2,Iridoschisis
163989008,2,On examination - retinal vascular proliferation
428745004,2,Hypertrophy of corneal epithelium
231939004,2,Injury of cornea
26214006,2,Thrombosis of retinal artery
422570005,2,Vesicular herpes simplex eyelid dermatitis
17409003,2,Facial hemiparesis
66499004,2,Congenital cortical cataract
239873007,2,Osteoarthritis of knee
314935002,2,Acquired nystagmus
230324004,2,Isolated blepharospasm
95795006,2,Superficial scleritis
65720003,2,Soemmerring's ring
36994005,2,Transient visual loss
404686001,2,Slowed saccades
64741003,2,Myotonic cataract
93478000,2,Intraocular hemorrhage
19373007,2,External ophthalmoplegia
204118005,2,Congenital keratoglobus
27735002,2,Glaucoma associated with tumors AND/OR cysts
422666006,2,Herpes zoster corneal epitheliopathy
59621000,2,Essential hypertension
231872000,2,Episcleral and scleral disorder
253238001,2,Partial hypoplasia of optic disc
45701006,2,Drug-induced keratoconjunctivitis
193553001,2,Glaucoma due to iris anomaly
416671000,2,Microspherophakia
39843000,2,Cutaneous papillomatosis
50165004,2,Hemorrhagic detachment of retinal pigment epithelium
75340008,2,Congenital keratoconus posticus circumscriptus
231997000,2,Peripapillary choroidal sclerosis
86135006,2,Cicatricial trichiasis
28944009,2,Cytomegalovirus infection
307676006,2,Downbeat nystagmus
397977001,2,Mycotic corneal ulcer
194029009,2,Enophthalmos due to orbital tissue atrophy
6380005,2,Inverted pelvis
313164002,2,Macular displacement
44729001,2,Chronic inflammation of orbit
246768008,2,Hypometric saccades
204151001,2,Specified anterior chamber anomalies
21117005,2,Conjunctival hemorrhage
204177009,2,Congenital cysts of the posterior segment
414061000,2,Drug-induced cicatricial pemphigoid
297191009,2,Scarring of stoma
65075004,2,Irido-corneal dysgenesis
204134008,2,Coloboma of lens
193579005,2,Combined nonsenile cataract
410074002,2,Atrophy of orbital fat
16110005,2,Ophthalmoplegia
64586002,2,Carotid artery stenosis
193687000,2,Oguchi's disease
56009001,2,Inclusion conjunctivitis of the adult
19037008,2,Acquired ankyloblepharon
47952001,2,Dacryolith
408735009,2,Lower eyelid tarsal ectropion
9420008,2,Neonatal obstruction of nasolacrimal duct
419982005,2,Corneal stromal degeneration
52002008,2,Serous detachment of retinal pigment epithelium
302836005,2,Lentigo maligna
232068003,2,Retinal pigment epithelial detachment with vascularization
44199000,2,Penetration of eyeball with nonmagnetic foreign body
68670009,2,Contact dermatitis of eyelid
82108004,2,Nutritional optic neuropathy
76371008,2,Penetrating wound of orbit with foreign body
55822004,2,Hyperlipidemia
43031006,2,Partial recent retinal detachment with giant tear
239912009,2,Primary Sjögren's syndrome
416297003,2,Uveal prolapse
373425009,2,Corneal endotheliitis
421202000,2,With-the-rule astigmatism
95270006,2,Stenosis of lacrimal system
14046000,2,Cystoid macular retinal degeneration
267624002,2,Adhesions and disruptions of iris and ciliary body
39662004,2,Crystalline corneal dystrophy
415584007,2,Sterile endophthalmitis
307177001,2,Chronic sciatica
231975002,2,Exfoliation of lens capsule
109245003,2,Cellulitis of periorbital region
414927004,2,Ocular myasthenia with strabismus
232014008,2,Macular and peripheral retinoschisis
247219000,2,Atrophy of sector of optic disc
424435009,2,Herpes zoster pseudodendrites
442782010,2,
417091001,2,Herpes simplex virus epithelial keratitis
413950002,2,Decentered corneal stromal ablation
414114004,2,Epithelial downgrowth
13608004,2,Herpes simplex iridocyclitis
28978003,2,Progressive supranuclear ophthalmoplegia
413380004,2,A pattern strabismus
312927001,2,Bietti's crystalline retinopathy
314786000,2,Congenital exotropia
424801004,2,Herpes zoster corneal endotheliitis
85366002,2,Cyst of ciliary body
388980004,2,Third cranial nerve weakness
254830006,2,Benign lipomatous tumor
422770008,2,Lacrimal canaliculitis due to Actinomyces israelii
231815005,2,Abrasion of eyelid
231873005,2,Simple episcleritis
204181009,2,Congenital retinal fold
242056005,2,Accidental injury
416913007,2,Toxoplasma neuroretinitis
408851008,2,Retinopathy of prematurity stage 5 - total retinal detachment
37125009,2,Dilated pupil
370891001,2,Suture tip cataract
195787006,2,Fistula of nasal sinus
314485000,2,Tear drainage disorder
8553008,2,Alternating esotropia with noncommitance other than A OR V pattern
255013004,2,Juvenile xanthogranuloma of iris
253231007,2,Aniridia type 1
277905003,2,Disorder of keratinization
232095008,2,Esotropia with nystagmus
72620002,2,Nodular degeneration of cornea
1112003,2,Degenerative disorder of eyelid
427355004,2,Keratopathy due to corneal stem cell failure
195967001,2,Asthma
39302008,2,Fundus coloboma
95679004,2,Abscess of eye
403907002,2,Giant keratoacanthoma
398264003,2,Acute hemorrhagic conjunctivitis
95488001,2,Congenital macular corneal dystrophy
27357006,2,Accommodative strabismus
403866008,2,Basal cell papilloma reticulated (adenoid) type
35386004,2,Cavernous sinus syndrome
310600009,2,Benign neoplasm of canthus
54184008,2,Senile reticular retinal degeneration
78921008,2,Autosomal recessive ocular albinism
68610001,2,Latent nystagmus
264008,2,Blind hypertensive eye
424338005,2,Hydrochloroquine retinopathy
8134005,2,Periodic alternating nystagmus
410486005,2,Occlusion amblyopia
231931001,2,Stromal corneal dystrophy
82203000,2,Treacher Collins syndrome
240866006,2,Ocular toxocariasis
230691006,2,CVA - cerebrovascular accident due to cerebral artery occlusion
414626005,2,Lymphangioma of orbit
47398006,2,Marginal corneal ulcer
109979007,2,B-cell lymphoma (clinical)
1201005,2,Benign essential hypertension
390843008,2,Scotopic sensitivity
253206006,2,Congenital malformation of the eyebrow
231985001,2,Rubella retinopathy
419087002,2,Lattice corneal dystrophy Type II
50975002,2,Operculum of retina without detachment
254805008,2,Compound nevus of skin
194119004,2,Total oculomotor nerve palsy
400939008,2,Paretic esotropia
372983003,2,Infection due to Aspergillus flavipes
204208005,2,Agenesis of punctum lacrimale
72789009,2,Inflammatory pseudotumor of orbit
194134005,2,Convergence spasm
95706000,2,Phacoantigenic uveitis
60700002,1,Sensorineural hearing loss
23735003,1,Neonatal dacryocystitis
40631009,1,Skew deviation
204109008,1,Microphthalmos with other eye anomaly
370505008,1,Corneal facet
61517002,1,Metastatic disseminated retinitis AND retinochoroiditis
416921001,1,Carcinoma in situ of nasolacrimal duct
283401007,1,Cut of forehead
408849009,1,Retinopathy of prematurity stage 3 - ridge with extraretinal fibrovascular proliferation
418435001,1,Macular corneal dystrophy Type II
254987003,1,Adenoid cystic carcinoma of lacrimal gland
63491006,1,Intermittent claudication
236047002,1,Perineal incisional hernia
64756007,1,Previous cesarean section
87224000,1,Transient arterial retinal occlusion
232127009,1,Manifest hypermetropia
254716005,1,Eccrine hidrocystoma
194179009,1,Retrobulbar hemorrhage
186524006,1,Herpes zoster with ophthalmic complication
314546005,1,Chronic postoperative endophthalmitis
433147009,1,Combined visual and hearing impairment
135888007,1,O/E - erythematous rash
307698002,1,Nystagmus signs
314024005,1,Old keratitis
286896005,1,"Carcinoma breast - lower, outer quadrant"
230549004,1,Multiple cranial nerve palsies of ocular motor nerves
134401001,1,Left ventricular systolic dysfunction
359683002,1,Complete optic atrophy
88594005,1,Herpes simplex
2463005,1,Acquired heterochromia of iris
20392000,1,Congenital entropion
193322004,1,New partial retinal detachment with retinal dialysis
281446004,1,Loosening of acetabular cup of total hip replacement
253214000,1,Congenital distichiasis
5725006,1,Monocular exotropia
399120006,1,Infantile cataract
193459004,1,Disseminated chorioretinal scars
417488009,1,Removal of conjunctival sutures
73297009,1,Muscular dystrophy
403396008,1,Post-herpetic scar
231851003,1,Penetrating wound of orbit
95709007,1,Atrophic iris
400066006,1,Intraepithelial squamous cell carcinoma
75610003,1,"Mucopolysaccharidosis, MPS-I"
193276002,1,Malignant myopia
361120000,1,Nutritional amblyopia
410505009,1,Medial rectus muscle restriction
420545001,1,Intraoperative floppy iris syndrome caused by tamsulosin
246738004,1,Latent convergent squint
247209006,1,Optic disc vascular anomaly
413923007,1,Corneal warpage
231867009,1,Thermal injury to conjunctiva
287001000,1,"Cellulitis of leg, excluding foot"
421220009,1,Lambda pattern strabismus
247182006,1,Vitreoretinal degeneration
232030000,1,Purtscher's retinopathy
1979001,1,Focal choroiditis
11441004,1,Prostatism
431502008,1,Scar of eyelid
236821005,1,Failure of penetration
314537004,1,Diabetic optic papillopathy
231802001,1,Impetigo of eyelid
410504008,1,Extraocular muscle restriction
92814006,1,"Chronic lymphoid leukemia, disease"
78642008,1,"Ocular albinism, type I"
246752002,1,Incomitant exophoria
11391004,1,Exudative detachment of retinal pigment epithelium
426592006,1,Ballism
12731000,1,Cervical sympathetic dystrophy
201831003,1,"Localized, primary osteoarthritis of the shoulder region"
55457007,1,Absent anterior chamber of eye
397542006,1,Moderate visual impairment
94893000,1,Neoplasm of uncertain behavior of lacrimal gland
240066005,1,Acute contagious conjunctivitis
410499008,1,Trabeculitis
127329003,1,Congenital anomaly of visual system
428866004,1,Cyst of maxillary sinus
253258000,1,Branchial cleft
313250007,1,Malignant neoplasm of lower eyelid
232025004,1,Acquired peripheral telangiectasia
416864007,1,Retinocytoma
95570007,1,Kidney stone
400096001,1,Melanocytic nevus
7068004,1,Caruncle of labium
400178008,1,Lymphangioma
402811003,1,Squamous neoplasm of surface epithelium
404663008,1,Paraneoplastic retinopathy
94795002,1,Neoplasm of uncertain behavior of choroid
253208007,1,Absent eyebrow
239179009,1,Disorders of skin grafts and flaps
28590005,1,Chronic acquired lymphedema
373614006,1,Absolute afferent pupillary defect
28633004,1,Microstrabismus
231861005,1,Chlamydial conjunctivitis
314002005,1,Corneal allograft rejection
232122003,1,Relative afferent pupillary defect
431855005,1,Chronic kidney disease stage 1
267728009,1,Blind or low vision - one eye only
65545003,1,Bullous retinoschisis
312771007,1,Disorder of vitreous body and/or retina
312941005,1,Melanoma-associated retinopathy
255027009,1,Retinoma
193953008,1,Ankyloblepharon
247204001,1,Morning glory disc
92590009,1,Carcinoma in situ of eye
419603000,1,Epidermoid cyst of skin
48249002,1,Congenital anisocoria
367360002,1,Ciliary block glaucoma
71659009,1,Senile ectropion
254998002,1,Cavernous hemangioma of orbit
392049002,1,Total central choroidal atrophy
42134006,1,Metamorphopsia
254956000,1,Pituitary adenoma
278028002,1,Eye injury from lightning
417183007,1,Fleck corneal dystrophy
283362001,1,Laceration of cheek
231960005,1,Foreign body in iris
65323003,1,Polymyalgia rheumatica
420835009,1,Corneal intraepithelial neoplasia
15228007,1,Atrophia bulborum hereditaria
402197001,1,Adult atopic dermatitis
77097004,1,Oculopharyngeal muscular dystrophy
206248004,1,Traumatic glaucoma due to birth trauma
423145008,1,Ecchymosis of eyelid
134335004,1,Hemangiopericytoma
416454006,1,Contact lens related conjunctivitis
5299007,1,Ring staphyloma
18377001,1,Anterior corneal pigmentation
9585003,1,Post-traumatic retinal scar
35323005,1,Sector shaped iris atrophy
314758008,1,Posterior keratoconus
419977003,1,Choroidal leiomyoma
91158006,1,Congenital anomaly of eyelid
83351003,1,Basilar migraine
57488007,1,Chronic pulmonary fibrosis due to inhalation of chemical fumes AND/OR vapors
231795004,1,Laceration of eye
315254001,1,Changing color of pigmented skin lesion
73119000,1,Retinitis pigmentosa-deafness-ataxia syndrome
254988008,1,Adenocarcinoma of lacrimal gland
43829003,1,Chronic osteoarthritis
415843000,1,White dot syndrome
95796007,1,Deep scleritis
186535001,1,Eczema herpeticum
255019000,1,Adenoma of non-pigmented epithelium of ciliary body
288242005,1,Acute osteomyelitis of knee
286998005,1,Carbuncle/boil
38372004,1,Injury of eyebrow
4041005,1,Congenital anomaly of macula
399965003,1,Deep hemangioma of skin
23360000,1,Blind hypotensive eye
302837001,1,Lentigo maligna melanoma
95681002,1,Anterior chamber fibrosis
163986001,1,O/E - retinal microaneurysms
11255009,1,Retinal arteritis
312955002,1,Tertiary syphilitic chorioretinitis
255020006,1,Leiomyoma of ciliary body
314419002,1,Bilateral diffuse uveal melanocytic proliferation
68750005,1,Mucocolpos
314534006,1,Thermal burn
26590002,1,Congenital ectropion
39281000,1,Striate keratitis
109889007,1,Intraductal carcinoma in situ of breast
276479009,1,Retained membrane
420486006,1,Exudative maculopathy with type 1 diabetes mellitus
246950000,1,Focal marginal corneal ulcer
421934002,1,Culture negative peripheral corneal ulcer
24003004,1,Postinflammatory optic atrophy
424286001,1,Fibrous dysplasia of orbit
432789001,1,Noncystoid edema of macula of retina
2967003,1,Non-comitant strabismus
126494007,1,Neoplasm of skin of eyebrow
403863000,1,Multiple basal cell papillomata
2473007,1,Intermittent vertical heterotropia
405721006,1,Peripheral degeneration of retina
399923009,1,Rheumatoid arteritis
404648005,1,Lens particle glaucoma
21480008,1,Acquired blepharophimosis
53885001,1,Ocular fistula causing hypotony of eye
400006008,1,Hamartoma
403916003,1,Basal cell carcinoma of forehead
186525007,1,Herpes zoster dermatitis of eyelids
232397007,1,Chronic frontoethmoidal sinusitis
40620001,1,Crocodile tears syndrome
127001008,1,Neoplasm of choroid
32935005,1,Microscopic cystic corneal dystrophy
204130004,1,Total and subtotal congenital cataract
13282008,1,Congenital corneal opacity interfering with vision
231843001,1,Acquired lacrimal fistula
240740001,1,Presumed ocular histoplasmosis syndrome
312925009,1,North Carolina macular dystrophy
419074008,1,Central cloudy dystrophy of Francois
402818009,1,Basal cell carcinoma of nose
403864006,1,Basal cell papilloma solid (acanthotic) type
426246007,1,Penetrating injury by knife
55129006,1,Residual stage angle-closure glaucoma
72180004,1,Vossius' ring
232115006,1,Horizontal gaze palsy
403968005,1,Venous hemangioma
312914000,1,Peripheral retinal telangiectatic mass
422001004,1,Hypertensive choroidopathy
45062007,1,Monocular exotropia with A pattern
402891002,1,Recurrent herpes simplex infection of eye
314513004,1,Inclusion cyst of eyelid
63251006,1,Persistent miosis
400047006,1,Peripheral vascular disease
11045000,1,Supranuclear facial nerve paralysis
403152000,1,Demodectic blepharitis
128083007,1,"Duane's syndrome, type 2"
363461003,1,Malignant neoplasm of eye
232128004,1,Pathological hypermetropia
410793008,1,Chronic arthritis of juvenile onset
404690004,1,Superior division third nerve palsy
246740009,1,Latent vertical squint
92357008,1,Benign neoplasm of skin of eyebrow
31056006,1,Orbital hemorrhage
186975003,1,Mixed pinta lesions
25012008,1,Retained foreign body of eyelid
43972005,1,Localized traumatic opacity
410470003,1,Syphilitic retinitis
426862007,1,Restrictive strabismus due to orbital fibrosis
313003009,1,Rod dystrophy
11939005,1,Acute arthritis
246732003,1,"Manifest vertical squint, eye up"
232131003,1,Curvature hypermetropia
419459000,1,Retinal light toxicity
232107008,1,Alternating hypertropia
410471004,1,Neuroretinitis
95775000,1,Retrobulbar optic nerve atrophy
22155002,1,Anterior chamber cleavage syndrome
81077008,1,Acute rheumatic arthritis
442782014,1,
211659009,1,Chemical burn of eyelid region
397541004,1,Severe visual impairment
13493007,1,Alternating exotropia with X AND/OR Y pattern
363500001,1,Multiple malignancy
1794009,1,Idiopathic corneal edema
247138002,1,Retinal flecking
116223007,1,Complication
230528000,1,Congenital disorders of eye and eyelid movements
402496001,1,Basal cell carcinoma of lateral canthus
111520007,1,Ring corneal ulcer
422217003,1,Posterior crocodile shagreen of cornea
39737009,1,Symptomatic nystagmus
49340009,1,Vitamin A deficiency with Bitot's spot AND conjunctival xerosis
111689003,1,Wound of ocular adnexa
422446008,1,Herpes zoster subepithelial infiltrates
423807009,1,Primary leiomyosarcoma
315057000,1,Gastric xanthelasma
314467007,1,Gyrate atrophy
231805004,1,Entropion from focal conjunctival scarring
110,1,
232001007,1,Snail-track retinal degeneration
240591000,1,Neonatal chlamydial conjunctivitis
112,1,
93470007,1,Hemangioma of retina
359610006,1,Ocular hyperemia
255159004,1,Benign tumor of lateral nasal wall
231848005,1,Acute orbital myositis
111533001,1,Vertical nystagmus
254978007,1,Meningioma of optic nerve sheath
231833004,1,Sebaceous adenocarcinoma of eyelid
397518007,1,Diffuse lamellar keratitis
26360005,1,Hereditary optic atrophy
396232000,1,Inguinal hernia
421029004,1,Herpes zoster retinitis
31681005,1,Trigeminal neuralgia
188156001,1,Malignant neoplasm of axillary tail of female breast
239796000,1,Juvenile chronic arthritis
95680001,1,Sclerouveitis
254626006,1,Adenocarcinoma of lung
263228009,1,Basicervical fracture of neck of femur
230193008,1,Neurosarcoidosis
69973000,1,Vascular anomaly of eyelid
247211002,1,Cilioretinal artery
78455002,1,Subjective visual disturbance
430960001,1,Deformity of eyelid
95851007,1,Fracture of orbit
69927002,1,Persistent primary vitreous
246767003,1,Abnormal saccadic eye movement
194092005,1,Monocular exotropia with Y pattern
163988000,1,O/E - retinal exudates
269103003,1,Dislocations and subluxations
403919005,1,Basal cell carcinoma of upper eyelid
403700009,1,Unsatisfactory outcome of laser surgery
246781001,1,Superior oblique myokymia
232040002,1,Central retinal vein occlusion - juvenile
231800009,1,Rosacea of skin of eyelid
312219000,1,Infective blepharitis
186679007,1,Conjunctivitis due to adenovirus
402700001,1,Dermatosis of eyelid
308635004,1,Disorder of prostheses and implants
193396007,1,Pseudoretinitis pigmentosa
162789007,1,O/E - periorbital edema
8634009,1,Distichiasis-lymphedema syndrome
89155008,1,Systemic sclerosis
213114005,1,Mechanical complication of eye orbit prosthesis
404660006,1,Acute compressive optic neuropathy
90688005,1,Chronic renal failure
312949007,1,Retinal pigment epithelial adenocarcinoma
408416008,1,O/E - left eye diabetic maculopathy
85571008,1,Sensory hearing loss
253226005,1,Congenital sutural cataract
45795007,1,Ocular melanosis
402744003,1,Toxic epidermal necrolysis due to drug
19448008,1,Optic atrophy associated with retinal dystrophy
65460003,1,Intermittent angle-closure glaucoma
371124005,1,Infected corneal abrasion
232148006,1,Congenital color blindness
238135003,1,Fat pad syndrome
400946004,1,Congenital fibrosis syndrome
231898006,1,Marginal corneal gutter
404657004,1,Astrocytic hamartoma
235023003,1,Oral cicatricial pemphigoid
429114002,1,Malignant basal cell neoplasm of skin
400954002,1,Euryblepharon
194023005,1,Orbital deformity associated with craniofacial deformity
399219006,1,Keratoconjunctivitis due to Moraxella bovis
193966008,1,Eyelid vascular anomalies
405722004,1,Atrophic retina
240842000,1,Ocular onchocerciasis
313163008,1,Inferior oblique underaction
23436003,1,Foreign body in lacrimal punctum
414545008,1,Ischemic heart disease
70385007,1,Adenoviral pharyngoconjunctivitis
52357004,1,Retinal cyst
403458008,1,Localized skin involvement by breast carcinoma
79291003,1,Discoid lupus erythematosus of eyelid
313000007,1,Chorioretinal vascular disorder
404666000,1,Visual obscuration
126496009,1,Neoplasm of skin of forehead
11654001,1,Achilles tendinitis
415501002,1,Schwartz ocular syndrome
52497002,1,Foreign body in conjunctival sac
246733008,1,"Manifest vertical squint, eye down"
95693006,1,Hyperviscosity retinopathy
232087009,1,Glaucoma with intraocular hemorrhage
363462005,1,Malignant tumor of orbit
231883009,1,Foreign body in posterior wall eye
314532005,1,Foreign body in anterior segment of eyeball
416165005,1,Spasm of the near synkinetic reflex
428794004,1,Fistula
5371001,1,Mechanical strabismus
353295004,1,Graves' disease
231900008,1,Dystrophic corneal ulcer
231888000,1,Anterior staphyloma
402332003,1,Onset of psoriasis in adolescence (10-20 years)
94804003,1,Neoplasm of uncertain behavior of conjunctiva
427099000,1,Active tuberculosis
426304000,1,Penetrating injury by arrow
253239009,1,Sectorial hypoplasia of optic disc
363457009,1,Malignant tumor of renal pelvis
55846006,1,Xeroderma of eyelid
3310005,1,Foreign body granuloma of skin
417529000,1,Peripheral keratitis
286892007,1,Ca breast - nipple/central
17769000,1,Injury of cranial nerve
399336001,1,Juvenile cataract
64859006,1,Osteoporosis
309596003,1,Retinal abnormality - non-diabetes
247097006,1,Hemorrhage at vitreoretinal interface
400935002,1,Refractive accommodative esotropia
402680006,1,Post-inflammatory scarring
403277007,1,Pigmented skin lesion of suspected benign nature
41658006,1,Traumatic enucleation of eye
3441005,1,Disorder of sebaceous gland
35908007,1,Chronic arthritis
7089008,1,Retinal phlebitis
314003000,1,Choroidal infarct
2102007,1,Deep vascularization of cornea
11282001,1,Homocystinuria
39828002,1,Abscess of orbit
399868002,1,Diabetic intraretinal microvascular anomaly
283050005,1,Abrasion of eye region
371123004,1,Infected conjunctival abrasion
115665000,1,Atopy
95729008,1,Epithelial inclusion cyst of cornea
232072004,1,Forster-Fuchs' spot
110244000,1,Contusion of forehead
85189001,1,Acute appendicitis
399119000,1,Toxicity due to radiotherapy
43521007,1,Corneal deposit associated with metabolic disorder
10128002,1,Rosacea conjunctivitis
415733008,1,Toxic conjunctivitis
247184007,1,Peripheral cystic retinal tuft
92572008,1,Carcinoma in situ of cornea
95196002,1,Nonparalytic strabismus
267655008,1,Exophthalmos due to orbital edema or congestion
186266008,1,Tuberculous chronic iridocyclitis
12411003,1,Postinflammatory chorioretinal scar
254662007,1,Keratoacanthoma
263244000,1,Bimalleolar fracture of ankle
92571001,1,Carcinoma in situ of conjunctiva
423628002,1,Acute herpes zoster neuropathy
193474002,1,Choroidal hemorrhage and rupture
62955002,1,Retained nonmagnetic foreign body in vitreous
123614006,1,Partial cataract
25412000,1,Retinal microaneurysm with diabetes mellitus
254676008,1,Warty dyskeratoma
231941003,1,Nonperforating wound of cornea
232082003,1,Iatrogenic angle-closure glaucoma
400936001,1,Nonrefractive accommodative esotropia
276680000,1,Neonatal bacterial conjunctivitis
414491002,1,Infectious endophthalmitis
80899006,1,Monocular esotropia with noncommitance other than A OR V pattern
418106004,1,Total hyphema
164074006,1,O/E - visual nystagmus
92060009,1,Benign neoplasm of ciliary body
51174006,1,Congenital melanosis of sclera
238953008,1,Plane xanthoma
1852004,1,Traumatic injury of abducens nerve
230546006,1,Familial facial nerve palsy
3506008,1,Stenosis of retinal artery
67638006,1,Pseudocyst of retina
404060005,1,Frontalis-associated lipoma
239868001,1,Osteoarthritis of finger joint
194767001,1,Benign hypertensive heart disease with congestive cardiac failure
95770005,1,Inflammation of orbit
254264002,1,Partial trisomy 21 in Down's syndrome
253235003,1,Congenital cyst of iris
415808001,1,V-pattern strabismus
110165004,1,Abrasion of periorbital region of face
423753005,1,Reflex blepharospasm
399876000,1,Very severe nonproliferative diabetic retinopathy
277950001,1,Muscle eye brain disease
254921004,1,Angiomyolipoma of kidney
253217007,1,Imperforate lacrimal punctum
302905001,1,Aspergillus otomycosis
3282008,1,Welders' keratitis
404653000,1,Chiasmal glioma
410497005,1,Postoperative infectious endophthalmitis
230687001,1,Myopathy in myasthenia gravis
92404006,1,Benign neoplasm of sphenoidal sinus
304838007,1,Injury of trochlear nerve
416633008,1,Congenital hereditary endothelial dystrophy type 1
48225000,1,Tuberculous disseminated chorioretinitis
92099001,1,Benign neoplasm of facial nerve
30410001,1,Paralytic ptosis
17532001,1,Breech malpresentation successfully converted to cephalic presentation
231806003,1,Ectropion from focal conjunctival scarring
417125003,1,Hamartoma of retina
128603005,1,Disorder of extraocular muscle
126998003,1,Neoplasm of ciliary body
423428008,1,Foreign body of face
253220004,1,Congenital lacrimal fistula
231871007,1,Conjunctival lymphangiectasis
26520008,1,Optic nerve infarction
111532006,1,Strabismus in neuromuscular disorder
965003,1,Toxic amblyopia
254668006,1,Irritated basal cell papilloma
110032005,1,Simple periorbital laceration
28578008,1,Incipient occlusion of retinal vein
33129002,1,Postmastectomy lymphedema syndrome
420939002,1,Y pattern strabismus
55941000,1,Cutaneous sarcoidosis
95508001,1,Congenital obstruction of lacrimal canal
400942002,1,Paralytic strabismus
105972009,1,Disorder of maxillary sinus
277616008,1,Diffuse low grade B-cell lymphoma
417563003,1,Lacrimal sac granuloma
247070004,1,Aphakia - Elschnig's pearls
405270006,1,Persistent mydriasis
254994000,1,Rhabdomyosarcoma of orbit
15253005,1,Facial asymmetry
307671001,1,Congenital nystagmus without sensory abnormality
91075003,1,Lumpy skin disease
76670001,1,Duchenne muscular dystrophy
204145006,1,Cornea plana
31550006,1,Retained nonmagnetic intraocular foreign body
417939004,1,Amyloid corneal degeneration
287150009,1,10-30% body burnt
194057002,1,Disorder of optic chiasm due to pituitary disorder
63090002,1,Foreign body reaction to oily substance
92403000,1,Benign neoplasm of sphenoid bone
371409005,1,Disorder of eye region
253227001,1,Rubella cataract
196556002,1,Acquired ectropion of lip
427296003,1,Thalamic infarction
241759005,1,Pink eye disease
213115006,1,Mechanical complication of intraocular lens
230542008,1,Congenital facial nerve palsy
312961004,1,Tamoxifen retinopathy
232005003,1,Iatrogenic retinal tear
70272006,1,Malignant hypertension
231964001,1,Tumor of iris
52448006,1,Dementia
425267003,1,Periocular dermatitis
194097004,1,Alternating exotropia with Y pattern
410478005,1,Ocular syphilis
35154004,1,Pemphigus foliaceus
408848001,1,Retinopathy of prematurity stage 2 - intraretinal ridge
95223005,1,Retained old traumatic intraocular foreign body
230529008,1,Congenital failure of eye elevation
255007008,1,Bowen's disease of cornea
83551002,1,Visual halos
193956000,1,Degenerative disorders of eyelids and periocular area
58670006,1,Accessory lacrimal gland disorder
19843006,1,Hypertrophic scar
34000006,1,Crohn's disease
193468002,1,Partial central choroid dystrophy
31996006,1,Vasculitis
312931007,1,Idiopathic choroiditis
420181007,1,Accommodative excess
266254007,1,Carotid artery occlusion
314499001,1,Contact lens related red eye
3327002,1,Jerk nystagmus
399873008,1,Severe nonproliferative diabetic retinopathy with no macular edema
232055006,1,X-linked retinitis pigmentosa heterozygote
402507001,1,Basal cell carcinoma of cheek
95202004,1,Coloboma of eyelid
59282003,1,Pulmonary embolism
111688006,1,Laceration of eyelid involving lacrimal passages
28391008,1,Localized retinal edema
17602002,1,Amyloidosis
102450007,1,Rod monochromatism
60046008,1,Pleural effusion
238939008,1,Localized pemphigoid
247132001,1,Retinal flame hemorrhage
70983007,1,Secondary syphilitic uveitis
11218009,1,Infection due to Pseudomonas aeruginosa
417701000,1,Conjunctivitis associated with dermatitis herpetiformis
247176008,1,Retinoschisis - outer leaf break
71627002,1,Apocrine gland cyst
1486001,1,Orbital congestion
420474008,1,Subconjunctival scar
239196005,1,Flap loss
282825002,1,Paroxysmal atrial fibrillation
193662007,1,Oculomotor apraxia
254725004,1,Apocrine cystadenoma
105620001,1,Effect of foreign body
69397000,1,Angular blepharoconjunctivitis
415182001,1,Propionibacterium acnes endophthalmitis
189099001,1,Xanthogranuloma
304286005,1,Discharge from suture line
246831001,1,Symblepharon to lid
231882004,1,Foreign body in sclera
62329009,1,Aspiration of foreign body
210343008,1,Open wound of eyebrow
102451006,1,Membranous conjunctivitis
239917003,1,Secondary Sjögren's syndrome with multisystem involvement
230530003,1,Congenital nuclear ophthalmoplegia
87807004,1,Hypopyon
404633004,1,Cogan-Reese syndrome
33912004,1,Orbital deformity due to bone disease
52486002,1,Necrotizing fasciitis
302174000,1,Congenital abnormality of iris and ciliary body
254658001,1,Benign epithelial neoplasm of skin
315252002,1,Changing shape of pigmented skin lesion
278514000,1,Stenosis and insufficiency of lacrimal passages
56863004,1,Closed fracture of orbit
419496009,1,Congenital corneal keloid
230716006,1,Carotid territory transient ischemic attack
232088004,1,Ghost cell glaucoma
26889001,1,Myositis
193293002,1,Old intraocular magnetic foreign body
312944002,1,Compressive optic atrophy
312932000,1,Idiopathic retinitis
